<?xml version="1.0" encoding="UTF-8"?>
<configuration status="OFF">
    <appenders>
        <Console name="Console" target="SYSTEM_OUT">
            <PatternLayout pattern="%d{HH:mm:ss.SSS} [%-5level] %t %l ->%msg %n"/>
            <ThresholdFilter level="error" onMatch="ACCEPT" onMismatch="NEUTRAL"/>
        </Console>
        <Console name="debug-info" target="SYSTEM_OUT">
            <PatternLayout pattern="%d{HH:mm:ss.SSS} [%-5level]->%-150msg {%l} %n"/>
            <ThresholdFilter level="warn" onMatch="DENY" onMismatch="ACCEPT"/>
        </Console>
        <Console name="warn-error" target="SYSTEM_OUT">
            <PatternLayout pattern="%d{HH:mm:ss.SSS} [%-5level] %t %l ->%msg %n"/>
            <ThresholdFilter level="warn" onMatch="ACCEPT" onMismatch="DENY"/>
        </Console>
    </appenders>

    <loggers>
        <root level="error">
            <appender-ref ref="Console"/>
        </root>

        <Logger name="com.palm" level="info" additivity="false">
            <AppenderRef ref="debug-info"/>
            <AppenderRef ref="warn-error"/>
        </Logger>
    </loggers>
</configuration>